{"cameraMode":{"drawMode":0,"name":"Shaded","section":"Shading Mode"},"sceneLighting":true,"audioPlay":false,"sceneViewState":{"showFog":true,"showMaterialUpdate":false,"showSkybox":true,"showFlares":true,"showImageEffects":true,"showParticleSystems":true},"in2DMode":false,"pivot":{"x":-44.38446044921875,"y":22.544923782348634,"z":215.87376403808595},"rotation":{"x":-0.06848202645778656,"y":0.007421946618705988,"z":0.0003928109654225409,"w":-0.9978272318840027},"size":271.48883056640627,"orthographic":false}